name,ssn,password,mail,regis_date,address,cellphone,year,month,date,admin_ssn
Michelle Irwin,W345544389,5911594275,ehutchinson@gmail.com,1994-05-25,0781 Martinez Heights,0959875880,2024,10,25,L897663029
James Fleming,K736421187,2535101192,nlawson@gmail.com,1982-08-24,5210 Alex Highway Suite 209,0361934767,1995,06,08,S597657632
Steven Petersen,X710058362,7434879882,arthur91@gmail.com,2021-04-11,30048 Karen Canyon,0525541407,2001,10,04,I389623292
Mrs. Elizabeth Harrell,I509482389,5909578936,davisbrian@gmail.com,1979-03-15,51088 Teresa Ferry Apt. 692,0690883702,1984,08,05,A428469719
Olivia Chavez DVM,D597913371,9039326389,elizabethwarren@gmail.com,1976-09-30,78153 Amy Path Suite 479,0686846648,1987,10,17,P517778017
Amy Morris,O276038825,9573649726,parkvanessa@gmail.com,1971-11-28,415 Walton Plaza,0747662204,1987,05,09,W962054707
Andrew Davis,T238519308,7361840888,susanhart@gmail.com,1986-09-02,4768 Joseph Skyway Apt. 335,0046023926,1996,10,16,G796869946
Paul Johnson,Q225853439,0171122779,anthonywalker@gmail.com,2022-10-15,872 Kelley Ferry Suite 947,0578336764,2015,12,07,F938421538
Amanda Hunt,Q625185256,9228851096,lisahunter@gmail.com,2014-08-02,0039 Dorsey Crest,0309205793,2012,05,15,C037122277
Lori Jacobs,S787998134,5837186580,vperry@gmail.com,2006-09-21,560 Martin Spring,0837156408,1979,12,22,L671242866
Travis Rodgers,A559110252,5047324416,anthonygordon@gmail.com,1990-09-04,25566 Gordon Valley Suite 226,0930092908,1979,12,15,L324574639
Theresa Cain,X162834003,6925720872,feliciamcpherson@gmail.com,2011-11-15,188 Adam Walks Apt. 612,0885512186,2006,11,06,L173844346
Michael Lewis,I913129316,8669005370,joannamurphy@gmail.com,1977-07-23,40538 Ronald Port Apt. 944,0407755577,1970,06,05,C318138972
David Fisher Jr.,N857786103,3876851439,alicia21@gmail.com,2010-11-23,04042 Johnson Run,0150155497,2014,05,12,C135645074
Joe Jones,Z099954410,9202397063,danielcampos@gmail.com,2010-03-04,10240 Ashley Island Apt. 096,0906996237,2007,06,06,R362864874
Francisco Curtis,L442527244,4913118092,brian36@gmail.com,1993-01-28,07519 Smith Expressway Apt. 314,0393309865,2013,06,14,J682972519
Joseph Cunningham,R287953836,7792670208,pamela82@gmail.com,2019-06-11,69428 Meagan Valleys Suite 420,0200215656,2001,07,14,O710218575
Melissa Moore,S700320661,9889498719,joseph80@gmail.com,2013-09-21,905 Joshua Cliffs Apt. 713,0555499437,1972,08,21,I097012287
Terry Glenn,U964721609,3750534432,michaelstein@gmail.com,2002-12-04,"PSC 8864, Box 5757",0665515782,2020,04,20,F141550573
Adam Yates,O043827482,1660591314,tgibson@gmail.com,2004-08-29,05520 Blackburn Street Apt. 139,0940540106,2001,12,09,E940220402
Nancy Davidson,G471984492,5456909536,garcialauren@gmail.com,2016-02-19,59023 Baker Avenue,0904004229,1975,12,16,N791590878
James Perkins,X855643285,6330635213,lindseyhawkins@gmail.com,1972-12-24,010 Sawyer Forks,0524729408,1986,08,14,O045922373
Laurie Green,P185768145,6149887886,rgarner@gmail.com,2001-08-08,20883 Ariel Trafficway,0202844208,1981,03,25,T881847132
Thomas George,F273487774,3732394648,goodwinmary@gmail.com,1982-03-23,33713 Williams Bypass,0525864256,1995,01,24,N556013853
Ronald Martin,G382710715,8544066800,ubaldwin@gmail.com,2000-01-19,USNS Solis,0626018360,1985,07,13,Z654164112
April Pitts,T120817618,4830295953,ubell@gmail.com,1971-08-09,435 Sherry Vista,0655781344,2023,11,22,M533908516
Amanda Savage,Y152393805,6192360610,dcain@gmail.com,1995-07-24,459 Peter Streets,0753120422,2020,03,24,W116330719
Michele Hanna,V850334174,2751407476,elizabeth26@gmail.com,2005-01-11,USNS Bishop,0580320751,1997,10,19,Z871980123
Ryan Doyle MD,D913623329,9477088881,gabrielbooker@gmail.com,1988-04-18,3899 Derek Fall Suite 778,0766244317,2003,09,24,M483321286
Thomas Newman MD,G997284404,5236802823,tiffany42@gmail.com,1998-02-09,2355 Vance Club,0303216010,2022,05,24,A083109289
David Booth,N618444393,2647970674,fmoore@gmail.com,1994-11-25,68916 Newton Row Suite 300,0218840962,2008,09,20,Z509479708
Michelle Washington,G599023717,6558611080,hroman@gmail.com,2002-12-23,90501 Solis Plaza,0228522415,2009,12,01,O390227917
Mary Nelson,E094486284,4383070226,tpatrick@gmail.com,1988-10-04,53326 Amy Alley Suite 956,0182726223,2020,09,13,E870543433
Randy Martin,W216806334,4401175530,johnsonandrew@gmail.com,2024-10-02,68093 Crane Mall Suite 853,0621727921,1990,08,16,Q592339825
Jordan Brooks,L194973083,2605873854,zachary14@gmail.com,2008-05-08,7775 Laura Skyway,0356032463,2012,04,09,E170120812
Shawn Burns,G000886429,9188038839,eanthony@gmail.com,2012-02-14,576 Mathis Vista Apt. 389,0432101772,2019,11,14,G532741585
Matthew Bowers,G582830517,2766128164,curtiscisneros@gmail.com,2021-02-10,09572 Robert Glen Suite 750,0456013725,2022,01,01,X295131014
Gabrielle Horn,X124146736,0721821412,steven06@gmail.com,1994-12-17,74724 Scott Lake Apt. 688,0472546135,2004,06,07,D142820143
Christopher Adams,K432225102,5877441001,susancox@gmail.com,2008-12-28,54840 Elliott Heights Suite 981,0791990193,2016,02,27,Y318720389
Kayla Sanders,Z404202307,3191438625,lmartin@gmail.com,2007-09-10,USCGC Davis,0466061120,1970,03,09,N183945432
Kathleen Gutierrez,U474452000,9752321214,joydiaz@gmail.com,2016-12-19,21090 Long Point,0693246635,1970,10,21,K155339903
Amy Fernandez,A532394872,1936672638,zacharymcclure@gmail.com,2014-08-13,4059 David Pines Suite 351,0057190988,1984,06,17,M537150798
Angela Hamilton,B080971702,3258303700,jesselara@gmail.com,1980-09-08,7384 Rich Lakes,0421278381,1998,06,13,S566210265
Jennifer Richmond,X899899323,3722677211,sthomas@gmail.com,2013-08-01,6360 Glover Curve,0779296207,2014,04,06,K180602940
Douglas Taylor,P139161974,1218790156,damon27@gmail.com,2014-03-06,4364 Herman Overpass Apt. 297,0099287838,1986,04,28,X536698791
Pam Andrews,L371392441,1195326905,janetlawson@gmail.com,1981-05-24,Unit 3502 Box 7103,0245260664,2020,06,16,R306290632
Brian Wells,T991392769,6282937739,fmoody@gmail.com,1994-03-29,784 Rice View Apt. 444,0112350909,2012,11,11,S029620356
Tracy Wade,U582787021,3778788274,scolon@gmail.com,1981-03-30,5441 Haley Greens,0805641386,2011,10,14,G332675985
Charles Carpenter,P639000194,5077071491,dylanfrost@gmail.com,1972-05-05,52755 Stephanie Pike,0721271434,1976,05,11,D144397876
Wanda Smith,Z649966504,3661287958,eschroeder@gmail.com,2007-01-06,0306 Melanie Overpass Suite 002,0248657901,1987,10,10,L481921916
